{
    "1, 1": 0.07019219814024413,
    "1, 2": 0.07019219814024413,
    "1, 3": 0.07019219814024413,
    "1, 4": 0.07019219814024413,
    "1, 5": 0.07019219814024413,
    "1, 6": 0.07019219814024413,
    "1, 7": 0.07019219814024413,
    "1, 8": 0.07019219814024413,
    "1, 9": 0.07019219814024413,
    "1, 10": 0.07019219814024413,
    "1, 11": 0.07019219814024413,
    "1, 12": 0.07019219814024413,
    "1, 13": 0.07019219814024413,
    "1, 14": 0.07019219814024413,
    "1, 15": 0.07019219814024413,
    "1, 16": 0.07019219814024413,
    "1, 17": 0.07019219814024413,
    "1, 18": 0.07019219814024413,
    "1, 19": 0.07019219814024413,
    "1, 20": 0.07019219814024413,
    "1, 21": 0.07019219814024413,
    "1, 22": 0.07019219814024413,
    "1, 23": 0.07019219814024413,
    "1, 24": 0.07019219814024413,
    "1, 25": 0.07019219814024413,
    "1, 26": 0.07019219814024413,
    "1, 27": 0.07019219814024413,
    "1, 28": 0.07019219814024413,
    "1, 29": 0.07019219814024413,
    "1, 30": 0.07019219814024413,
    "1, 31": 0.07019219814024413,
    "1, 32": 0.07019219814024413,
    "1, 33": 0.07019219814024413,
    "1, 34": 0.07019219814024413,
    "1, 35": 0.07019219814024413,
    "1, 36": 0.07019219814024413,
    "1, 37": 0.07019219814024413,
    "1, 38": 0.07019219814024413,
    "1, 39": 0.07019219814024413,
    "1, 40": 0.07019219814024413,
    "1, 41": 0.07019219814024413,
    "1, 42": 0.07019219814024413,
    "1, 43": 0.07019219814024413,
    "1, 44": 0.07019219814024413,
    "1, 45": 0.07019219814024413,
    "1, 46": 0.07019219814024413,
    "1, 47": 0.07019219814024413,
    "1, 48": 0.07019219814024413,
    "1, 49": 0.07019219814024413,
    "1, 50": 0.07019219814024413,
    "1, 51": 0.07019219814024413,
    "1, 52": 0.07019219814024413,
    "1, 53": 0.07019219814024413,
    "1, 54": 0.07019219814024413,
    "1, 55": 0.07019219814024413,
    "1, 56": 0.07019219814024413,
    "1, 57": 0.07019219814024413,
    "1, 58": 0.07019219814024413,
    "1, 59": 0.07019219814024413,
    "1, 60": 0.07019219814024413,
    "1, 61": 0.07019219814024413,
    "1, 62": 0.07019219814024413,
    "1, 63": 0.07019219814024413,
    "1, 64": 0.07019219814024413,
    "1, 65": 0.07019219814024413,
    "1, 66": 0.07019219814024413,
    "1, 67": 0.07019219814024413,
    "1, 68": 0.07019219814024413,
    "1, 69": 0.07019219814024413,
    "1, 70": 0.07019219814024413,
    "1, 71": 0.07019219814024413,
    "1, 72": 0.07019219814024413,
    "1, 73": 0.07019219814024413,
    "1, 74": 0.07019219814024413,
    "1, 75": 0.07019219814024413,
    "1, 76": 0.07019219814024413,
    "1, 77": 0.07019219814024413,
    "1, 78": 0.07019219814024413,
    "1, 79": 0.07019219814024413,
    "1, 80": 0.07019219814024413,
    "1, 81": 0.07019219814024413,
    "1, 82": 0.07019219814024413,
    "1, 83": 0.07019219814024413,
    "1, 84": 0.07019219814024413,
    "1, 85": 0.07019219814024413,
    "1, 86": 0.07019219814024413,
    "1, 87": 0.07019219814024413,
    "2, 1": 0.06757842848340344,
    "2, 2": 0.06757842848340344,
    "2, 3": 0.06757842848340344,
    "2, 4": 0.06757842848340344,
    "2, 5": 0.06757842848340344,
    "2, 6": 0.06757842848340344,
    "2, 7": 0.06757842848340344,
    "2, 8": 0.06757842848340344,
    "2, 9": 0.06757842848340344,
    "2, 10": 0.06757842848340344,
    "2, 11": 0.06757842848340344,
    "2, 12": 0.06757842848340344,
    "2, 13": 0.06757842848340344,
    "2, 14": 0.06757842848340344,
    "2, 15": 0.06757842848340344,
    "2, 16": 0.06757842848340344,
    "2, 17": 0.06757842848340344,
    "2, 18": 0.06757842848340344,
    "2, 19": 0.06757842848340344,
    "2, 20": 0.06757842848340344,
    "2, 21": 0.06757842848340344,
    "2, 22": 0.06757842848340344,
    "2, 23": 0.06757842848340344,
    "2, 24": 0.06757842848340344,
    "2, 25": 0.06757842848340344,
    "2, 26": 0.06757842848340344,
    "2, 27": 0.06757842848340344,
    "2, 28": 0.06757842848340344,
    "2, 29": 0.06757842848340344,
    "2, 30": 0.06757842848340344,
    "2, 31": 0.06757842848340344,
    "2, 32": 0.06757842848340344,
    "2, 33": 0.06757842848340344,
    "2, 34": 0.06757842848340344,
    "2, 35": 0.06757842848340344,
    "2, 36": 0.06757842848340344,
    "2, 37": 0.06757842848340344,
    "2, 38": 0.06757842848340344,
    "2, 39": 0.06757842848340344,
    "2, 40": 0.06757842848340344,
    "2, 41": 0.06757842848340344,
    "2, 42": 0.06757842848340344,
    "2, 43": 0.06757842848340344,
    "2, 44": 0.06757842848340344,
    "2, 45": 0.06757842848340344,
    "2, 46": 0.06757842848340344,
    "2, 47": 0.06757842848340344,
    "2, 48": 0.06757842848340344,
    "2, 49": 0.06757842848340344,
    "2, 50": 0.06757842848340344,
    "2, 51": 0.06757842848340344,
    "2, 52": 0.06757842848340344,
    "2, 53": 0.06757842848340344,
    "2, 54": 0.06757842848340344,
    "2, 55": 0.06757842848340344,
    "2, 56": 0.06757842848340344,
    "2, 57": 0.06757842848340344,
    "2, 58": 0.06757842848340344,
    "2, 59": 0.06757842848340344,
    "2, 60": 0.06757842848340344,
    "2, 61": 0.06757842848340344,
    "2, 62": 0.06757842848340344,
    "2, 63": 0.06757842848340344,
    "2, 64": 0.06757842848340344,
    "2, 65": 0.06757842848340344,
    "2, 66": 0.06757842848340344,
    "2, 67": 0.06757842848340344,
    "2, 68": 0.06757842848340344,
    "2, 69": 0.06757842848340344,
    "2, 70": 0.06757842848340344,
    "2, 71": 0.06757842848340344,
    "2, 72": 0.06757842848340344,
    "2, 73": 0.06757842848340344,
    "2, 74": 0.06757842848340344,
    "2, 75": 0.06757842848340344,
    "2, 76": 0.06757842848340344,
    "2, 77": 0.06757842848340344,
    "2, 78": 0.06757842848340344,
    "2, 79": 0.06757842848340344,
    "2, 80": 0.06757842848340344,
    "2, 81": 0.06757842848340344,
    "2, 82": 0.06757842848340344,
    "2, 83": 0.06757842848340344,
    "2, 84": 0.06757842848340344,
    "2, 85": 0.06757842848340344,
    "2, 86": 0.06757842848340344,
    "2, 87": 0.06757842848340344,
    "3, 1": 0.06585091919371061,
    "3, 2": 0.06585091919371061,
    "3, 3": 0.06585091919371061,
    "3, 4": 0.06585091919371061,
    "3, 5": 0.06585091919371061,
    "3, 6": 0.06585091919371061,
    "3, 7": 0.06585091919371061,
    "3, 8": 0.06585091919371061,
    "3, 9": 0.06585091919371061,
    "3, 10": 0.06585091919371061,
    "3, 11": 0.06585091919371061,
    "3, 12": 0.06585091919371061,
    "3, 13": 0.06585091919371061,
    "3, 14": 0.06585091919371061,
    "3, 15": 0.06585091919371061,
    "3, 16": 0.06585091919371061,
    "3, 17": 0.06585091919371061,
    "3, 18": 0.06585091919371061,
    "3, 19": 0.06585091919371061,
    "3, 20": 0.06585091919371061,
    "3, 21": 0.06585091919371061,
    "3, 22": 0.06585091919371061,
    "3, 23": 0.06585091919371061,
    "3, 24": 0.06585091919371061,
    "3, 25": 0.06585091919371061,
    "3, 26": 0.06585091919371061,
    "3, 27": 0.06585091919371061,
    "3, 28": 0.06585091919371061,
    "3, 29": 0.06585091919371061,
    "3, 30": 0.06585091919371061,
    "3, 31": 0.06585091919371061,
    "3, 32": 0.06585091919371061,
    "3, 33": 0.06585091919371061,
    "3, 34": 0.06585091919371061,
    "3, 35": 0.06585091919371061,
    "3, 36": 0.06585091919371061,
    "3, 37": 0.06585091919371061,
    "3, 38": 0.06585091919371061,
    "3, 39": 0.06585091919371061,
    "3, 40": 0.06585091919371061,
    "3, 41": 0.06585091919371061,
    "3, 42": 0.06585091919371061,
    "3, 43": 0.06585091919371061,
    "3, 44": 0.06585091919371061,
    "3, 45": 0.06585091919371061,
    "3, 46": 0.06585091919371061,
    "3, 47": 0.06585091919371061,
    "3, 48": 0.06585091919371061,
    "3, 49": 0.06585091919371061,
    "3, 50": 0.06585091919371061,
    "3, 51": 0.06585091919371061,
    "3, 52": 0.06585091919371061,
    "3, 53": 0.06585091919371061,
    "3, 54": 0.06585091919371061,
    "3, 55": 0.06585091919371061,
    "3, 56": 0.06585091919371061,
    "3, 57": 0.06585091919371061,
    "3, 58": 0.06585091919371061,
    "3, 59": 0.06585091919371061,
    "3, 60": 0.06585091919371061,
    "3, 61": 0.06585091919371061,
    "3, 62": 0.06585091919371061,