{
    "1, 1": 0.05585148832817635,
    "1, 2": 0.0785480772463296,
    "1, 3": 0.07682909086036507,
    "1, 4": 0.09976482009310556,
    "1, 5": 0.0680173615983014,
    "1, 6": 0.06871210432122782,
    "1, 7": 0.07095012106836042,
    "1, 8": 0.09984645930935086,
    "1, 9": 0.06714753835283212,
    "1, 10": 0.07127193844650907,
    "1, 11": 0.06335775675865252,
    "1, 12": 0.07625116734743918,
    "1, 13": 0.08259981574843193,
    "1, 14": 0.06434734182846166,
    "1, 15": 0.07209903721647916,
    "1, 16": 0.07735127252690586,
    "1, 17": 0.07310371966491963,
    "1, 18": 0.06413407841862331,
    "1, 19": 0.060851752819103586,
    "1, 20": 0.07332827507601626,
    "1, 21": 0.07742842723750681,
    "1, 22": 0.05935223365044653,
    "1, 23": 0.06100459469817291,
    "1, 24": 0.0800431114790626,
    "1, 25": 0.0021447779556020537,
    "1, 26": 0.05830245829042599,
    "1, 27": 0.060883347832994275,
    "1, 28": 0.01930234964153368,
    "1, 29": 0.0793396879809155,
    "1, 30": 0.06861100923919576,
    "1, 31": 0.013654661005591411,
    "1, 32": 0.017869656622284527,
    "1, 33": 0.0935413182985473,
    "1, 34": 0.09722837515670862,
    "1, 35": 0.08512230117618476,
    "1, 36": 0.07029299767615434,
    "1, 37": 0.03942412579420538,
    "1, 38": 0.08959245627190685,
    "1, 39": 0.161387045624283,
    "1, 40": 0.06488335427863842,
    "1, 41": 0.07296979471821192,
    "1, 42": 0.0787057203594249,
    "1, 43": 0.0689213731466548,
    "1, 44": 0.08375522242381409,
    "1, 45": 0.08269596587206163,
    "1, 46": 0.0803206348158923,
    "1, 47": 0.09676027806856717,
    "1, 48": 0.07767127555386259,
    "1, 49": 0.06900180665463496,
    "1, 50": 0.06246416094286037,
    "1, 51": 0.06917968374125665,
    "1, 52": 0.07082651802981405,
    "1, 53": 0.07087902700935389,
    "1, 54": 0.05765275707772423,
    "1, 55": 0.0762005637229001,
    "1, 56": 0.061874659342218676,
    "1, 57": 0.06575887790485567,
    "1, 58": 0.058606935221399835,
    "1, 59": 0.06940233378529667,
    "1, 60": 0.0475001951496572,
    "1, 61": 0.05197215315165343,
    "1, 62": 0.07814259956703623,
    "1, 63": 0.08362642532370666,
    "1, 64": 0.061599095461464144,
    "1, 65": 0.05478919625112008,
    "1, 66": 0.05714963609143407,
    "1, 67": 0.06804495237982251,
    "1, 68": 0.057098860053967034,
    "1, 69": 0.07648710118578533,
    "1, 70": 0.07047337482770671,
    "1, 71": 0.07192649609152339,
    "1, 72": 0.07754693728918895,
    "1, 73": 0.06639491780294887,
    "1, 74": 0.07058723449619099,
    "1, 75": 0.075648764848769,
    "1, 76": 0.018335317404242914,
    "1, 77": 0.07708756752877978,
    "1, 78": 0.14679141090035058,
    "1, 79": 0.1427698661854725,
    "1, 80": 0.20487443841099406,
    "1, 81": 0.07427154301399023,
    "1, 82": 0.07467915979744795,
    "1, 83": 0.0702633818039531,
    "1, 84": 0.07327283333879482,
    "1, 85": 0.0714684764441391,
    "1, 86": 0.1401329318960806,
    "1, 87": 0.07893049818377401,
    "2, 1": 0.05585148832817646,
    "2, 2": 0.07854807724632967,
    "2, 3": 0.07682909086036509,
    "2, 4": 0.09976482009310561,
    "2, 5": 0.06801736159830142,
    "2, 6": 0.06871210432122768,
    "2, 7": 0.07095012106836039,
    "2, 8": 0.09984645930935093,
    "2, 9": 0.06714753835283203,
    "2, 10": 0.071271938446509,
    "2, 11": 0.06335775675865256,
    "2, 12": 0.0762511673474392,
    "2, 13": 0.08259981574843189,
    "2, 14": 0.06434734182846168,
    "2, 15": 0.07209903721647924,
    "2, 16": 0.07735127252690589,
    "2, 17": 0.07310371966491958,
    "2, 18": 0.06413407841862324,
    "2, 19": 0.060851752819103495,
    "2, 20": 0.07332827507601612,
    "2, 21": 0.07742842723750673,
    "2, 22": 0.05935223365044655,
    "2, 23": 0.06100459469817274,
    "2, 24": 0.08004311147906258,
    "2, 25": 0.002144777955601985,
    "2, 26": 0.058302458290426046,
    "2, 27": 0.060883347832994136,
    "2, 28": 0.01930234964153371,
    "2, 29": 0.07933968798091562,
    "2, 30": 0.0686110092391958,
    "2, 31": 0.013654661005591501,
    "2, 32": 0.0178696566222846,
    "2, 33": 0.09354131829854731,
    "2, 34": 0.0972283751567087,
    "2, 35": 0.08512230117618484,
    "2, 36": 0.07029299767615434,
    "2, 37": 0.039424125794205386,
    "2, 38": 0.08959245627190689,
    "2, 39": 0.16138704562428297,
    "2, 40": 0.06488335427863837,
    "2, 41": 0.07296979471821184,
    "2, 42": 0.07870572035942483,
    "2, 43": 0.06892137314665472,
    "2, 44": 0.08375522242381417,
    "2, 45": 0.08269596587206177,
    "2, 46": 0.08032063481589224,
    "2, 47": 0.09676027806856723,
    "2, 48": 0.07767127555386269,
    "2, 49": 0.06900180665463491,
    "2, 50": 0.0624641609428604,
    "2, 51": 0.06917968374125663,
    "2, 52": 0.07082651802981396,
    "2, 53": 0.07087902700935407,
    "2, 54": 0.05765275707772419,
    "2, 55": 0.07620056372290009,
    "2, 56": 0.06187465934221866,
    "2, 57": 0.06575887790485571,
    "2, 58": 0.05860693522139983,
    "2, 59": 0.06940233378529667,
    "2, 60": 0.04750019514965731,
    "2, 61": 0.05197215315165336,
    "2, 62": 0.07814259956703622,
    "2, 63": 0.08362642532370665,
    "2, 64": 0.06159909546146418,
    "2, 65": 0.054789196251120165,
    "2, 66": 0.05714963609143402,
    "2, 67": 0.06804495237982251,
    "2, 68": 0.057098860053967034,
    "2, 69": 0.07648710118578549,
    "2, 70": 0.07047337482770673,
    "2, 71": 0.07192649609152336,
    "2, 72": 0.07754693728918895,
    "2, 73": 0.06639491780294886,
    "2, 74": 0.07058723449619096,
    "2, 75": 0.0756487648487691,
    "2, 76": 0.01833531740424294,
    "2, 77": 0.07708756752877986,
    "2, 78": 0.14679141090035064,
    "2, 79": 0.14276986618547244,
    "2, 80": 0.20487443841099404,
    "2, 81": 0.0742715430139901,
    "2, 82": 0.07467915979744798,
    "2, 83": 0.07026338180395308,
    "2, 84": 0.07327283333879478,
    "2, 85": 0.07146847644413919,
    "2, 86": 0.14013293189608073,
    "2, 87": 0.07893049818377398,
    "3, 1": 0.05585148832817646,
    "3, 2": 0.07854807724632969,
    "3, 3": 0.07682909086036513,
    "3, 4": 0.09976482009310571,
    "3, 5": 0.0680173615983015,
    "3, 6": 0.06871210432122775,
    "3, 7": 0.07095012106836038,
    "3, 8": 0.0998464593093509,
    "3, 9": 0.06714753835283195,
    "3, 10": 0.07127193844650903,
    "3, 11": 0.06335775675865249,
    "3, 12": 0.07625116734743914,
    "3, 13": 0.0825998157484319,
    "3, 14": 0.06434734182846179,
    "3, 15": 0.07209903721647923,
    "3, 16": 0.07735127252690581,
    "3, 17": 0.07310371966491969,
    "3, 18": 0.0641340784186233,
    "3, 19": 0.060851752819103565,
    "3, 20": 0.07332827507601607,
    "3, 21": 0.07742842723750687,
    "3, 22": 0.05935223365044646,
    "3, 23": 0.06100459469817284,
    "3, 24": 0.08004311147906253,
    "3, 25": 0.0021447779556019054,
    "3, 26": 0.058302458290426004,
    "3, 27": 0.06088334783299423,
    "3, 28": 0.019302349641533656,
    "3, 29": 0.07933968798091554,
    "3, 30": 0.06861100923919583,
    "3, 31": 0.013654661005591588,
    "3, 32": 0.01786965662228446,
    "3, 33": 0.09354131829854725,
    "3, 34": 0.09722837515670862,
    "3, 35": 0.08512230117618487,
    "3, 36": 0.07029299767615432,
    "3, 37": 0.03942412579420545,
    "3, 38": 0.0895924562719069,
    "3, 39": 0.16138704562428288,
    "3, 40": 0.06488335427863841,
    "3, 41": 0.07296979471821183,
    "3, 42": 0.07870572035942489,
    "3, 43": 0.06892137314665465,
    "3, 44": 0.08375522242381424,
    "3, 45": 0.08269596587206181,
    "3, 46": 0.0803206348158921,
    "3, 47": 0.09676027806856705,
    "3, 48": 0.07767127555386268,
    "3, 49": 0.06900180665463487,
    "3, 50": 0.0624641609428604,
    "3, 51": 0.06917968374125659,
    "3, 52": 0.07082651802981405,
    "3, 53": 0.07087902700935396,
    "3, 54": 0.05765275707772408,
    "3, 55": 0.07620056372290007,
    "3, 56": 0.06187465934221864,
    "3, 57": 0.06575887790485575,
    "3, 58": 0.05860693522139983,
    "3, 59": 0.06940233378529663,
    "3, 60": 0.04750019514965727,
    "3, 61": 0.05197215315165337,
    "3, 62": 0.0781425995670361,