{
    "1, 1": 422930.4726439238,
    "1, 2": 356523.01376859454,
    "1, 3": 408223.13601105794,
    "1, 4": 475028.0553113782,
    "1, 5": 200997.35015534906,
    "1, 6": 432158.2100365013,
    "1, 7": 424177.66581398813,
    "1, 8": 213248.97639076604,
    "1, 9": 266733.3961063101,
    "1, 10": 175111.17039132668,
    "1, 11": 567466.9587808303,
    "1, 12": 109399.40761170998,
    "1, 13": 338241.18380109954,
    "1, 14": 424596.8480604258,
    "1, 15": 304132.86700525833,
    "1, 16": 384590.1152107371,
    "1, 17": 70930.73592310223,
    "1, 18": 64910.016074921805,
    "1, 19": 325608.8830488928,
    "1, 20": 503314.20082756213,
    "1, 21": 310434.3932722115,
    "1, 22": 252773.07323279165,
    "1, 23": 488974.7491733256,
    "1, 24": 272591.46802103147,
    "1, 25": 243617.36144442644,
    "1, 26": 525141.3094823275,
    "1, 27": 515254.1587815211,
    "1, 28": 410307.8537925344,
    "1, 29": 529000.7407216154,
    "1, 30": 577539.3250377213,
    "1, 31": 299609.60702320584,
    "1, 32": 291906.8840246662,
    "1, 33": 195899.75542139326,
    "1, 34": 531778.9726870601,
    "1, 35": 467099.7525991542,
    "1, 36": 238324.56623102614,
    "1, 37": 476870.59735848865,
    "1, 38": 611148.9276794554,
    "1, 39": 621839.3731772897,
    "1, 40": 504464.1674114964,
    "1, 41": 912887.1511709744,
    "1, 42": 691142.7812706885,
    "1, 43": 997335.5751151213,
    "1, 44": 535976.7904230715,
    "1, 45": 942565.924778661,
    "1, 46": 747754.8993707338,
    "1, 47": 881839.4921040327,
    "1, 48": 723748.2821819049,
    "1, 49": 683113.5836508698,
    "1, 50": 423592.99872907245,
    "1, 51": 446257.1387625193,
    "1, 52": 436881.70167513384,
    "1, 53": 184540.04176366143,
    "1, 54": 581992.9906488324,
    "1, 55": 349324.2682179407,
    "1, 56": 436361.83328143583,
    "1, 57": 315755.8653987092,
    "1, 58": 398481.8636145713,
    "1, 59": 517505.51462558826,
    "1, 60": 540735.7139369734,
    "1, 61": 421650.36903213727,
    "1, 62": 541435.0443768802,
    "1, 63": 205255.85730897586,
    "1, 64": 249933.52713534277,
    "1, 65": 92725.99508292788,
    "1, 66": 57309.7896705797,
    "1, 67": 2423.3415494083824,
    "1, 68": 88438.951490616,
    "1, 69": 82314.59966050296,
    "1, 70": 92907.42252429608,
    "1, 71": 68660.93860823216,
    "1, 72": 73355.29763092005,
    "1, 73": 71639.23874008756,
    "1, 74": 68819.79661203641,
    "1, 75": 45911.71146788172,
    "1, 76": 41462.77188184813,
    "1, 77": 74971.18584320311,
    "1, 78": 99562.39808846122,
    "1, 79": 60416.092588637206,
    "1, 80": 158629.8145591041,
    "1, 81": 71317.03945037458,
    "1, 82": 104393.05436638759,
    "1, 83": 116132.670369837,
    "1, 84": 102428.65765235559,
    "1, 85": 73886.35233114247,
    "1, 86": 106506.31302669624,
    "1, 87": 68725.89463550053,
    "2, 1": 228130.73554956404,
    "2, 2": 188125.81219495487,
    "2, 3": 219295.6731123879,
    "2, 4": 260567.88671541034,
    "2, 5": 98368.22201618276,
    "2, 6": 233974.7098204618,
    "2, 7": 229040.3536702034,
    "2, 8": 105232.40007100889,
    "2, 9": 135379.10985986894,
    "2, 10": 84745.4392434311,
    "2, 11": 318284.08541285794,
    "2, 12": 50641.4421376085,
    "2, 13": 177161.62161148974,
    "2, 14": 229206.11837959333,
    "2, 15": 156976.37784320785,
    "2, 16": 204917.2100448935,
    "2, 17": 31766.6288421138,
    "2, 18": 28870.772167055,
    "2, 19": 169636.68934495468,
    "2, 20": 278075.9219028102,
    "2, 21": 160727.39933837694,
    "2, 22": 127149.2905964044,
    "2, 23": 268681.2873424634,
    "2, 24": 138772.7365551512,
    "2, 25": 122033.43655707163,
    "2, 26": 291701.15461721685,
    "2, 27": 285210.80330008623,
    "2, 28": 220365.03538343287,
    "2, 29": 294096.96951253596,
    "2, 30": 324459.31683728663,
    "2, 31": 154283.63789314256,
    "2, 32": 149772.86876472144,
    "2, 33": 95873.94714811043,
    "2, 34": 295864.9817872805,
    "2, 35": 255678.2372640152,
    "2, 36": 119256.88384588118,
    "2, 37": 261142.02404874237,
    "2, 38": 345417.9598036758,
    "2, 39": 353742.6717341041,
    "2, 40": 279188.49582954874,
    "2, 41": 540977.7106313797,
    "2, 42": 397545.2306833399,
    "2, 43": 595396.60041971,
    "2, 44": 298805.9310570432,
    "2, 45": 560282.99162806,
    "2, 46": 434076.9548933288,
    "2, 47": 520960.3786190092,
    "2, 48": 418603.7578868246,
    "2, 49": 392301.1947222623,
    "2, 50": 228571.4878385224,
    "2, 51": 242559.61433598446,
    "2, 52": 236837.61971077748,
    "2, 53": 89789.94141495132,
    "2, 54": 327446.5403001769,
    "2, 55": 183769.74980985702,
    "2, 56": 236455.58461481147,
    "2, 57": 163763.96069582694,
    "2, 58": 213264.5826192925,
    "2, 59": 286912.1124975504,
    "2, 60": 301397.4889441927,
    "2, 61": 227413.80324465636,
    "2, 62": 301967.2806355305,
    "2, 63": 100966.74795362253,
    "2, 64": 125739.02544500673,
    "2, 65": 42341.42633737857,
    "2, 66": 25318.9246791507,
    "2, 67": 600.4856598172004,
    "2, 68": 40200.01807533236,
    "2, 69": 37233.00986452074,
    "2, 70": 42388.866727280336,
    "2, 71": 30672.78791522391,
    "2, 72": 32950.455069988035,
    "2, 73": 32097.178498016317,
    "2, 74": 30768.16376989431,
    "2, 75": 20016.816874723507,
    "2, 76": 17957.766074206917,
    "2, 77": 33687.6247881091,
    "2, 78": 45770.76960231891,
    "2, 79": 26682.710486344553,
    "2, 80": 75431.35066612493,
    "2, 81": 31943.527421311544,
    "2, 82": 47952.665829805585,
    "2, 83": 53958.630115029395,
    "2, 84": 47105.46407742991,
    "2, 85": 33165.7367189468,
    "2, 86": 49178.40707312241,
    "2, 87": 30702.089189933253,
    "3, 1": 126779.86572619092,
    "3, 2": 102242.0072719445,
    "3, 3": 121358.86008759322,
    "3, 4": 147357.6218978652,
    "3, 5": 49804.4413083176,
    "3, 6": 130528.09278357681,
    "3, 7": 127422.55024594387,
    "3, 8": 53676.12153384305,
    "3, 9": 70854.98474413788,
    "3, 10": 42492.13786421944,
    "3, 11": 184298.60143938198,
    "3, 12": 24456.371108856503,
    "3, 13": 95577.23511604648,
    "3, 14": 127479.4302626975,
    "3, 15": 83482.33613924572,
    "3, 16": 112461.03062969832,
    "3, 17": 14920.016673265905,
    "3, 18": 13478.030247756997,
    "3, 19": 91037.78231299102,
    "3, 20": 158453.86747842748,
    "3, 21": 85734.49265142504,
    "3, 22": 65992.47070398064,
    "3, 23": 152217.52173034984,
    "3, 24": 72839.24014304571,
    "3, 25": 63094.00656007394,
    "3, 26": 167168.40993329353,
    "3, 27": 162841.9900761035,
    "3, 28": 121920.08029077409,
    "3, 29": 168694.91513231103,
    "3, 30": 188199.20562178583,
    "3, 31": 81866.15172740638,
    "3, 32": 79196.51818610523,
    "3, 33": 48544.96573459731,
    "3, 34": 169845.7239807326,
    "3, 35": 144272.6944808046,
    "3, 36": 61601.697437405,
    "3, 37": 147419.5950428433,
    "3, 38": 201654.8182116736,
    "3, 39": 207972.67801169615,
    "3, 40": 159378.68246691587,
    "3, 41": 332419.4576583894,
    "3, 42": 236534.06605074575,
    "3, 43": 368761.84252015606,
    "3, 44": 171906.97738712217,
    "3, 45": 345421.10006152844,
    "3, 46": 260852.6824334578,
    "3, 47": 319052.68795534625,
    "3, 48": 250557.48051842724,
    "3, 49": 233010.97764012343,
    "3, 50": 127073.2085686169,
    "3, 51": 135869.3006913759,
    "3, 52": 132301.55289990405,
    "3, 53": 45232.44565111563,
    "3, 54": 190235.5210811409,
    "3, 55": 99573.53020845636,
    "3, 56": 132029.836195994,
    "3, 57": 87500.03749341244,
    "3, 58": 117571.0397275392,
    "3, 59": 164091.47899627013,
    "3, 60": 173357.05996278013,
    "3, 61": 126367.14617274323,
    "3, 62": 173796.30573217836,
    "3, 63": 51355.172958772295,
    "3, 64": 65270.70898573031,
    "3, 65": 20216.796001856423,
    "3, 66": 11748.520521470815,
    "3, 67": -3.36139017528178,
    "3, 68": 19120.937156287215,
    "3, 69": 17637.402749436616,
    "3, 70": 20225.94073932216,
    "3, 71": 14375.371724884742,
    "3, 72": 15516.670501991668,
    "3, 73": 15080.912222599622,
    "3, 74": 14429.835577750362,